word,count
news,8
manual,2
input,1
it,8
is,3
sunny,1
here,1
now,1
madrid,1
2024,7
03,4
21,3
23,3
13,1
private,3
ad,3
for,6
sale,1
child,1
shoes,1
never,1
worn,1
actual,2
until,2
04,2
20,1
30,1
days,2
left,2
sport,2
my,3
football,2
vilnius,1
22,1
inside,1
tasmania,1
s,7
famous,1
museum,2
of,14
old,3
and,10
new,3
art,3
lies,1
a,14
large,1
emerald,1
draped,1
cube,1
the,30
walls,2
are,5
thick,1
silk,1
curtains,1
within,1
them,3
cascading,1
chandelier,1
hangs,1
over,2
phallus,1
shaped,1
velvet,1
couch,1
chequered,1
marble,1
floor,1
opulent,1
gold,1
accents,1
everything,1
from,4
framed,1
on,4
to,19
furniture,1
women,3
ushered,1
in,8
offered,1
champagne,1
by,2
male,1
butlers,1
who,1
live,1
serve,1
but,3
men,1
otherwise,1
noticeably,1
absent,1
turned,1
away,1
at,7
entrance,1
this,5
ladies,1
lounge,1
takes,1
concept,1
an,2
australian,1
pub,1
turns,1
its,1
head,2
was,5
only,1
1965,1
that,2
won,1
right,2
drink,1
nation,1
bars,1
previously,1
they,2
were,1
relegated,1
dingy,1
side,1
rooms,1
if,1
admitted,1
all,2
often,1
charged,1
exorbitant,1
prices,1
their,1
tipple,1
so,1
exhibit,1
which,1
contains,1
some,1
most,2
acclaimed,1
works,1
picasso,1
sidney,1
nolan,1
designed,1
as,6
piece,1
interactive,1
intended,1
provide,1
safe,1
place,1
enjoy,1
each,2
other,2
company,2
while,1
also,1
highlighting,1
exclusion,1
faced,2
decades,1
sydney,1
47,2
gen,2
x,1
workers,2
being,1
passed,1
roles,1
kinds,1
especially,1
employers,2
see,1
young,1
people,1
more,3
malleable,1
timing,1
couldn,1
t,2
be,2
worse,1
since,4
his,9
layoff,1
last,2
may,1
nick,3
49,1
year,1
hr,1
executive,1
based,1
us,1
estimates,1
he,5
applied,1
hundreds,1
jobs,1
secured,1
interviews,1
10,1
companies,1
made,1
final,1
round,1
four,1
time,1
position,2
went,1
younger,1
candidate,2
tough,1
not,3
take,1
personally,2
says,2
i,1
have,3
excellent,1
track,1
record,1
lots,2
experience,1
should,1
lucky,1
me,2
throughout,1
search,1
has,5
received,1
advice,1
how,1
himself,1
job,3
demographic,1
one,1
hunter,1
suggested,1
remove,1
education,1
dates,1
linkedin,1
profile,1
prevent,1
calculating,1
age,2
recent,1
encounter,1
with,1
hiring,1
manager,1
however,1
subtle,1
said,1
you,1
can,1
make,1
many,1
pivots,1
your,1
career,1
point,1
implication,1
prior,1
might,1
been,4
blatant,1
ageism,2
long,1
concern,1
market,1
confluence,1
mass,1
layoffs,1
post,1
pandemic,1
economic,1
uncertainty,1
rapid,1
technological,1
change,1
â,2
including,1
emergence,1
ai,1
hitting,1
xers,1
particularly,1
hard,1
according,1
2022,1
aarp,1
survey,1
roughly,1
80,1
between,1
ages,1
40,1
65,1
reported,1
having,2
either,1
witnessed,1
or,1
discrimination,1
work,1
percentage,1
represents,1
highest,1
recorded,1
organisation,1
began,1
conducting,1
polls,1
issue,1
among,1
older,1
adults,1
2003,1
yourk,1
17,1
body,1
valid,1
1,2
05,1
01,1
41,1
conor,1
mcgregor,2
drug,2
tested,3
fighter,2
under,1
ufc,4
anti,1
doping,1
regime,1
irishman,1
continues,1
tease,1
return,3
fighting,1
five,1
times,1
external,1
january,1
no,1
than,1
twice,1
former,1
champion,1
spoken,1
length,1
week,1
about,1
desire,1
summer,1
fought,1
2021,1
yet,1
officially,1
announce,1
las,1
vegas,1
